ID,age_range,datetime,gender,involved_person,legislation,location__latitude,location__longitude,location__street__id,location__street__name,object_of_search,officer_defined_ethnicity,operation,operation_name,outcome,outcome_linked_to_object_of_search,outcome_object__id,outcome_object__name,removal_of_more_than_outer_clothing,self_defined_ethnicity,type
1,18-24,2019-12-15T18:35:00+00:00,Male,TRUE,Police and Criminal Evidence Act 1984 (section 1),51.51474,0.005317,955312,On or near Wharfside Road,Offensive weapons,Asian,FALSE,null,A no further action disposal,null,bu-no-further-action,A no further action disposal,null,Asian/Asian British - Bangladeshi,Person search
2,18-24,2019-12-15T18:49:00+00:00,Male,TRUE,Police and Criminal Evidence Act 1984 (section 1),51.51474,0.005317,955312,On or near Wharfside Road,Offensive weapons,Asian,FALSE,null,A no further action disposal,null,bu-no-further-action,A no further action disposal,null,Asian/Asian British - Bangladeshi,Person search
3,18-24,2019-12-18T23:30:00+00:00,Male,TRUE,Misuse of Drugs Act 1971 (section 23),51.51474,0.005317,955312,On or near Wharfside Road,Controlled drugs,Asian,FALSE,null,A no further action disposal,null,bu-no-further-action,A no further action disposal,null,Asian/Asian British - Bangladeshi,Person and Vehicle search
4,18-24,2019-12-19T00:26:00+00:00,Male,TRUE,Misuse of Drugs Act 1971 (section 23),51.51474,0.005317,955312,On or near Wharfside Road,Controlled drugs,Asian,FALSE,null,A no further action disposal,null,bu-no-further-action,A no further action disposal,null,Asian/Asian British - Bangladeshi,Person and Vehicle search
5,18-24,2019-12-28T16:40:00+00:00,Male,TRUE,Misuse of Drugs Act 1971 (section 23),51.53711,0.013928,963709,On or near Portway,Controlled drugs,Black,FALSE,null,A no further action disposal,null,bu-no-further-action,A no further action disposal,null,Black/African/Caribbean/Black British - Any other Black/African/Caribbean background,Person search
6,25-34,2019-12-14T12:15:00+00:00,Male,TRUE,Firearms Act 1968 (section 47),51.526086,0.030035,962307,On or near Barking Road,Firearms,White,FALSE,null,A no further action disposal,null,bu-no-further-action,A no further action disposal,null,White - Any other White background,Person search
7,null,2019-12-27T23:11:00+00:00,null,FALSE,Misuse of Drugs Act 1971 (section 23),51.532838,0.022319,963675,On or near Terrace Road,Controlled drugs,null,FALSE,null,A no further action disposal,null,bu-no-further-action,A no further action disposal,null,null,Vehicle search
8,over 34,2019-12-01T13:41:00+00:00,Male,TRUE,Misuse of Drugs Act 1971 (section 23),51.520194,0.012894,962043,On or near Ohio Road,Controlled drugs,White,FALSE,null,A no further action disposal,null,bu-no-further-action,A no further action disposal,null,White - Any other White background,Person search
9,Oct-17,2019-12-01T13:27:00+00:00,Male,TRUE,Police and Criminal Evidence Act 1984 (section 1),51.520111,0.01044,962034,On or near Tyas Road,Offensive weapons,White,FALSE,null,A no further action disposal,null,bu-no-further-action,A no further action disposal,null,White - Any other White background,Person search
10,25-34,2019-12-01T13:39:00+00:00,Male,TRUE,Misuse of Drugs Act 1971 (section 23),51.519614,0.021546,962097,On or near Tinto Road,Controlled drugs,White,FALSE,null,A no further action disposal,null,bu-no-further-action,A no further action disposal,null,White - Any other White background,Person search
11,25-34,2019-12-01T13:45:00+00:00,Male,TRUE,Misuse of Drugs Act 1971 (section 23),51.520982,0.0225,962107,On or near Jutland Road,Controlled drugs,Black,FALSE,null,A no further action disposal,null,bu-no-further-action,A no further action disposal,null,Black/African/Caribbean/Black British - Any other Black/African/Caribbean background,Person and Vehicle search
12,18-24,2019-12-01T12:55:00+00:00,Male,TRUE,Misuse of Drugs Act 1971 (section 23),51.530172,0.037642,963572,On or near Central Park Road,Controlled drugs,Asian,FALSE,null,A no further action disposal,null,bu-no-further-action,A no further action disposal,null,Other ethnic group - Not stated,Person search
13,Oct-17,2019-12-01T13:25:00+00:00,Male,TRUE,Police and Criminal Evidence Act 1984 (section 1),51.520111,0.01044,962034,On or near Tyas Road,Offensive weapons,White,FALSE,null,A no further action disposal,null,bu-no-further-action,A no further action disposal,null,White - English/Welsh/Scottish/Northern Irish/British,Person search
14,Oct-17,2019-12-01T15:00:00+00:00,Male,TRUE,Police and Criminal Evidence Act 1984 (section 1),51.533481,0.028793,963431,On or near Kings Court,Offensive weapons,Black,FALSE,null,A no further action disposal,null,bu-no-further-action,A no further action disposal,null,Other ethnic group - Not stated,Person search
15,Oct-17,2019-12-02T12:50:00+00:00,Male,TRUE,Misuse of Drugs Act 1971 (section 23),51.516832,0.014936,962173,On or near Pedestrian Subway,Controlled drugs,Black,FALSE,null,A no further action disposal,null,bu-no-further-action,A no further action disposal,null,Black/African/Caribbean/Black British - African,Person search
16,18-24,2019-12-02T12:05:00+00:00,Male,TRUE,Misuse of Drugs Act 1971 (section 23),51.528162,0.006051,962149,On or near Durban Road,Controlled drugs,White,FALSE,null,A no further action disposal,null,bu-no-further-action,A no further action disposal,null,White - English/Welsh/Scottish/Northern Irish/British,Person search
17,18-24,2019-12-01T12:53:00+00:00,Male,TRUE,Misuse of Drugs Act 1971 (section 23),51.530172,0.037642,963572,On or near Central Park Road,Controlled drugs,White,FALSE,null,A no further action disposal,null,bu-no-further-action,A no further action disposal,null,Other ethnic group - Not stated,Person search
18,Oct-17,2019-12-01T15:17:00+00:00,Male,TRUE,Police and Criminal Evidence Act 1984 (section 1),51.534187,0.012891,963725,On or near Ladywell Street,Offensive weapons,Black,FALSE,null,A no further action disposal,null,bu-no-further-action,A no further action disposal,null,Other ethnic group - Not stated,Person search
19,null,2019-12-02T15:35:00+00:00,Male,TRUE,Misuse of Drugs Act 1971 (section 23),51.531507,0.002392,963796,On or near Abbey Road,Controlled drugs,White,FALSE,null,A no further action disposal,null,bu-no-further-action,A no further action disposal,null,White - English/Welsh/Scottish/Northern Irish/British,Person search
20,over 34,2019-12-03T00:06:00+00:00,Male,TRUE,Misuse of Drugs Act 1971 (section 23),51.533732,0.0268,963445,On or near Carter Road,Controlled drugs,Asian,FALSE,null,A no further action disposal,null,bu-no-further-action,A no further action disposal,null,Asian/Asian British - Pakistani,Person search
21,18-24,2019-12-02T15:30:00+00:00,Male,TRUE,Misuse of Drugs Act 1971 (section 23),51.531507,0.002392,963796,On or near Abbey Road,Controlled drugs,White,FALSE,null,Community resolution,null,bu-community-resolution,Community resolution,null,White - English/Welsh/Scottish/Northern Irish/British,Person and Vehicle search
22,18-24,2019-12-02T15:30:00+00:00,Male,TRUE,Misuse of Drugs Act 1971 (section 23),51.531507,0.002392,963796,On or near Abbey Road,Controlled drugs,White,FALSE,null,Community resolution,null,bu-community-resolution,Community resolution,null,White - English/Welsh/Scottish/Northern Irish/British,Person and Vehicle search
23,25-34,2019-12-03T10:10:00+00:00,Male,TRUE,Misuse of Drugs Act 1971 (section 23),51.523221,0.022008,962093,On or near Parking Area,Controlled drugs,Black,FALSE,null,A no further action disposal,null,bu-no-further-action,A no further action disposal,null,Black/African/Caribbean/Black British - African,Person search
24,over 34,2019-12-02T13:28:00+00:00,Male,TRUE,Misuse of Drugs Act 1971 (section 23),51.526086,0.030035,962307,On or near Barking Road,Controlled drugs,White,FALSE,null,Arrest,null,bu-arrest,Arrest,null,White - English/Welsh/Scottish/Northern Irish/British,Person search
25,Oct-17,2019-12-04T12:10:00+00:00,Male,TRUE,Misuse of Drugs Act 1971 (section 23),51.530172,0.037642,963572,On or near Central Park Road,Controlled drugs,Asian,FALSE,null,Arrest,null,bu-arrest,Arrest,null,Asian/Asian British - Any other Asian background,Person search
26,Oct-17,2019-12-04T12:10:00+00:00,Female,TRUE,Misuse of Drugs Act 1971 (section 23),51.530172,0.037642,963572,On or near Central Park Road,Controlled drugs,Black,FALSE,null,Arrest,null,bu-arrest,Arrest,null,Black/African/Caribbean/Black British - African,Person search
27,over 34,2019-12-05T21:02:00+00:00,Male,TRUE,Misuse of Drugs Act 1971 (section 23),51.528646,0.037444,962220,On or near Moat Drive,Controlled drugs,Asian,FALSE,null,Arrest,null,bu-arrest,Arrest,null,Other ethnic group - Not stated,Person search
28,over 34,2019-12-05T23:00:00+00:00,Male,TRUE,Police and Criminal Evidence Act 1984 (section 1),51.524247,0.039612,962245,On or near Boundary Road,Evidence of offences under the Act,Asian,FALSE,null,A no further action disposal,null,bu-no-further-action,A no further action disposal,null,Asian/Asian British - Any other Asian background,Person search
29,over 34,2019-12-02T13:40:00+00:00,Male,TRUE,Misuse of Drugs Act 1971 (section 23),51.52446,0.035643,962256,On or near Angus Road,Controlled drugs,White,FALSE,null,A no further action disposal,null,bu-no-further-action,A no further action disposal,null,White - English/Welsh/Scottish/Northern Irish/British,Person search
30,null,2019-12-06T14:23:00+00:00,Male,TRUE,Police and Criminal Evidence Act 1984 (section 1),51.537129,0.024831,963423,On or near Plashet Road,Stolen goods,White,FALSE,null,A no further action disposal,null,bu-no-further-action,A no further action disposal,null,Other ethnic group - Not stated,Person search
31,18-24,2019-12-05T16:22:00+00:00,Male,TRUE,Misuse of Drugs Act 1971 (section 23),51.529832,0.031312,963563,On or near Old Street,Controlled drugs,Black,FALSE,null,A no further action disposal,null,bu-no-further-action,A no further action disposal,null,Black/African/Caribbean/Black British - Any other Black/African/Caribbean background,Person search
32,Oct-17,2019-12-06T15:40:00+00:00,Male,TRUE,Misuse of Drugs Act 1971 (section 23),51.525677,0.03081,962252,On or near Beaumont Road,Controlled drugs,Black,FALSE,null,A no further action disposal,null,bu-no-further-action,A no further action disposal,null,Black/African/Caribbean/Black British - Any other Black/African/Caribbean background,Person search
33,18-24,2019-12-06T15:44:00+00:00,Male,TRUE,Misuse of Drugs Act 1971 (section 23),51.525677,0.03081,962252,On or near Beaumont Road,Controlled drugs,Asian,FALSE,null,A no further action disposal,null,bu-no-further-action,A no further action disposal,null,Asian/Asian British - Pakistani,Person search
34,Oct-17,2019-12-06T15:40:00+00:00,Male,TRUE,Misuse of Drugs Act 1971 (section 23),51.525677,0.03081,962252,On or near Beaumont Road,Controlled drugs,Black,FALSE,null,A no further action disposal,null,bu-no-further-action,A no further action disposal,null,Black/African/Caribbean/Black British - Any other Black/African/Caribbean background,Person search
35,Oct-17,2019-12-06T15:47:00+00:00,Male,TRUE,Misuse of Drugs Act 1971 (section 23),51.525677,0.03081,962252,On or near Beaumont Road,Controlled drugs,Asian,FALSE,null,A no further action disposal,null,bu-no-further-action,A no further action disposal,null,Asian/Asian British - Bangladeshi,Person search
36,Oct-17,2019-12-06T15:55:00+00:00,Male,TRUE,Misuse of Drugs Act 1971 (section 23),51.530172,0.037642,963572,On or near Central Park Road,Controlled drugs,Asian,FALSE,null,Arrest,null,bu-arrest,Arrest,null,Asian/Asian British - Pakistani,Person search
37,Oct-17,2019-12-07T16:40:00+00:00,Male,TRUE,Misuse of Drugs Act 1971 (section 23),51.535202,0.011912,963749,On or near Cridland Street,Controlled drugs,Black,FALSE,null,A no further action disposal,null,bu-no-further-action,A no further action disposal,null,Black/African/Caribbean/Black British - African,Person search
38,18-24,2019-12-07T05:25:00+00:00,Male,TRUE,Police and Criminal Evidence Act 1984 (section 1),51.51666,0.016053,962188,On or near Bothwell Close,Offensive weapons,Asian,FALSE,null,A no further action disposal,null,bu-no-further-action,A no further action disposal,null,Asian/Asian British - Bangladeshi,Person search
39,18-24,2019-12-07T05:27:00+00:00,Male,TRUE,Police and Criminal Evidence Act 1984 (section 1),51.51666,0.016053,962188,On or near Bothwell Close,Offensive weapons,Asian,FALSE,null,A no further action disposal,null,bu-no-further-action,A no further action disposal,null,Asian/Asian British - Bangladeshi,Person search
40,18-24,2019-12-07T05:25:00+00:00,Male,TRUE,Police and Criminal Evidence Act 1984 (section 1),51.51666,0.016053,962188,On or near Bothwell Close,Offensive weapons,Asian,FALSE,null,A no further action disposal,null,bu-no-further-action,A no further action disposal,null,Asian/Asian British - Bangladeshi,Person search
41,25-34,2019-12-08T03:15:00+00:00,Male,TRUE,Misuse of Drugs Act 1971 (section 23),51.522698,0.0221,962126,On or near Supermarket,Controlled drugs,Asian,FALSE,null,Arrest,null,bu-arrest,Arrest,null,Other ethnic group - Any other ethnic group,Person and Vehicle search
42,18-24,2019-12-03T03:50:00+00:00,Male,TRUE,Misuse of Drugs Act 1971 (section 23),51.529259,0.025433,963591,On or near The Broadway,Controlled drugs,Black,FALSE,null,A no further action disposal,null,bu-no-further-action,A no further action disposal,null,Black/African/Caribbean/Black British - Any other Black/African/Caribbean background,Person search
43,Oct-17,2019-12-06T15:38:00+00:00,Male,TRUE,Misuse of Drugs Act 1971 (section 23),51.525677,0.03081,962252,On or near Beaumont Road,Controlled drugs,Asian,FALSE,null,Community resolution,null,bu-community-resolution,Community resolution,null,Asian/Asian British - Bangladeshi,Person search
44,null,2019-12-03T11:10:00+00:00,Female,TRUE,Police and Criminal Evidence Act 1984 (section 1),51.530172,0.037642,963572,On or near Central Park Road,Stolen goods,Asian,FALSE,null,Community resolution,null,bu-community-resolution,Community resolution,null,Other ethnic group - Not stated,Person search
45,18-24,2019-12-07T15:21:00+00:00,Male,TRUE,Police and Criminal Evidence Act 1984 (section 1),51.531395,0.019443,963787,On or near Ashburton Terrace,Evidence of offences under the Act,White,FALSE,null,Arrest,null,bu-arrest,Arrest,null,White - Any other White background,Person search
46,over 34,2019-12-08T16:55:00+00:00,Male,TRUE,Police and Criminal Evidence Act 1984 (section 1),51.522698,0.0221,962126,On or near Supermarket,Stolen goods,White,FALSE,null,A no further action disposal,null,bu-no-further-action,A no further action disposal,null,Other ethnic group - Not stated,Person search
47,null,2019-12-08T15:55:00+00:00,Male,TRUE,Police and Criminal Evidence Act 1984 (section 1),51.536375,0.010132,963739,On or near Gift Lane,Offensive weapons,White,FALSE,null,A no further action disposal,null,bu-no-further-action,A no further action disposal,null,Other ethnic group - Not stated,Person search
48,18-24,2019-12-08T21:35:00+00:00,Female,TRUE,Police and Criminal Evidence Act 1984 (section 1),51.51718,0.008797,962166,On or near Malmesbury Road,Offensive weapons,Black,FALSE,null,A no further action disposal,null,bu-no-further-action,A no further action disposal,null,Mixed/Multiple ethnic groups - White and Black Caribbean,Person search
49,25-34,2019-12-08T20:20:00+00:00,Male,TRUE,Misuse of Drugs Act 1971 (section 23),51.525084,0.02088,962112,On or near Gordon Street,Controlled drugs,Asian,FALSE,null,A no further action disposal,null,bu-no-further-action,A no further action disposal,null,Asian/Asian British - Any other Asian background,Person and Vehicle search
50,25-34,2019-12-08T20:35:00+00:00,Male,TRUE,Misuse of Drugs Act 1971 (section 23),51.527382,0.021126,962109,On or near Howard'S Road,Controlled drugs,Asian,FALSE,null,A no further action disposal,null,bu-no-further-action,A no further action disposal,null,Asian/Asian British - Any other Asian background,Person and Vehicle search
51,Oct-17,2019-12-09T02:37:00+00:00,Male,TRUE,Misuse of Drugs Act 1971 (section 23),51.510583,0.025873,955215,On or near Freemasons Road,Controlled drugs,Asian,FALSE,null,A no further action disposal,null,bu-no-further-action,A no further action disposal,null,Other ethnic group - Not stated,Person search
52,Oct-17,2019-12-09T01:15:00+00:00,Male,TRUE,Misuse of Drugs Act 1971 (section 23),51.510583,0.025873,955215,On or near Freemasons Road,Controlled drugs,White,FALSE,null,A no further action disposal,null,bu-no-further-action,A no further action disposal,null,White - English/Welsh/Scottish/Northern Irish/British,Person search
53,Oct-17,2019-12-09T01:10:00+00:00,Male,TRUE,Misuse of Drugs Act 1971 (section 23),51.510583,0.025873,955215,On or near Freemasons Road,Controlled drugs,White,FALSE,null,A no further action disposal,null,bu-no-further-action,A no further action disposal,null,White - English/Welsh/Scottish/Northern Irish/British,Person search
54,over 34,2019-12-09T18:00:00+00:00,Male,TRUE,Misuse of Drugs Act 1971 (section 23),51.535202,0.011912,963749,On or near Cridland Street,Controlled drugs,Black,FALSE,null,A no further action disposal,null,bu-no-further-action,A no further action disposal,null,Black/African/Caribbean/Black British - Caribbean,Person and Vehicle search
55,null,2019-12-06T20:11:00+00:00,Male,TRUE,Misuse of Drugs Act 1971 (section 23),51.514728,0.008098,955319,On or near Bus/Coach Station,Controlled drugs,Black,FALSE,null,A no further action disposal,null,bu-no-further-action,A no further action disposal,null,Other ethnic group - Not stated,Person search
56,25-34,2019-12-10T00:55:00+00:00,Male,TRUE,Misuse of Drugs Act 1971 (section 23),51.515728,0.009036,955399,On or near A13,Controlled drugs,Asian,FALSE,null,A no further action disposal,null,bu-no-further-action,A no further action disposal,null,Asian/Asian British - Bangladeshi,Person and Vehicle search
57,over 34,2019-12-09T18:00:00+00:00,Male,TRUE,Misuse of Drugs Act 1971 (section 23),51.535202,0.011912,963749,On or near Cridland Street,Controlled drugs,Black,FALSE,null,A no further action disposal,null,bu-no-further-action,A no further action disposal,null,Black/African/Caribbean/Black British - Caribbean,Person and Vehicle search
58,25-34,2019-12-10T06:35:00+00:00,Male,TRUE,Misuse of Drugs Act 1971 (section 23),51.518341,0.024415,962316,On or near Eclipse Road,Controlled drugs,Asian,FALSE,null,Community resolution,null,bu-community-resolution,Community resolution,null,Asian/Asian British - Any other Asian background,Person search
59,null,2019-12-09T23:40:00+00:00,Male,TRUE,Misuse of Drugs Act 1971 (section 23),51.518341,0.024415,962316,On or near Eclipse Road,Controlled drugs,Asian,FALSE,null,A no further action disposal,null,bu-no-further-action,A no further action disposal,null,Asian/Asian British - Bangladeshi,Person search
60,over 34,2019-12-10T09:15:00+00:00,Male,TRUE,Police and Criminal Evidence Act 1984 (section 1),51.529259,0.025433,963591,On or near The Broadway,Evidence of offences under the Act,White,FALSE,null,Arrest,null,bu-arrest,Arrest,null,White - English/Welsh/Scottish/Northern Irish/British,Person search
61,18-24,2019-12-09T15:45:00+00:00,Male,TRUE,Misuse of Drugs Act 1971 (section 23),51.536438,0.01276,923841,On or near Richford Road,Controlled drugs,Asian,FALSE,null,Community resolution,null,bu-community-resolution,Community resolution,null,Asian/Asian British - Bangladeshi,Person and Vehicle search
62,25-34,2019-12-10T11:25:00+00:00,Female,TRUE,Misuse of Drugs Act 1971 (section 23),51.530172,0.037642,963572,On or near Central Park Road,Controlled drugs,White,FALSE,null,Penalty Notice for Disorder,null,bu-penalty-notice,Penalty Notice for Disorder,null,White - Any other White background,Person search
63,over 34,2019-12-10T12:15:00+00:00,Male,TRUE,Misuse of Drugs Act 1971 (section 23),51.533942,0.034393,963460,On or near Parking Area,Controlled drugs,Asian,FALSE,null,A no further action disposal,null,bu-no-further-action,A no further action disposal,null,Asian/Asian British - Pakistani,Person and Vehicle search
64,25-34,2019-12-10T12:15:00+00:00,Male,TRUE,Misuse of Drugs Act 1971 (section 23),51.533942,0.034393,963460,On or near Parking Area,Controlled drugs,Asian,FALSE,null,A no further action disposal,null,bu-no-further-action,A no further action disposal,null,Asian/Asian British - Any other Asian background,Person search
65,18-24,2019-12-10T11:00:00+00:00,Male,TRUE,Firearms Act 1968 (section 47),51.52734,0.00577,962130,On or near Teasel Way,Firearms,Black,FALSE,null,Arrest,null,bu-arrest,Arrest,null,Black/African/Caribbean/Black British - Caribbean,Person search
66,25-34,2019-12-10T23:53:00+00:00,Male,TRUE,Misuse of Drugs Act 1971 (section 23),51.519285,0.029156,962288,On or near Holborn Road,Controlled drugs,Asian,FALSE,null,A no further action disposal,null,bu-no-further-action,A no further action disposal,null,Asian/Asian British - Bangladeshi,Person search
67,18-24,2019-12-11T00:01:00+00:00,Male,TRUE,Misuse of Drugs Act 1971 (section 23),51.519285,0.029156,962288,On or near Holborn Road,Controlled drugs,Asian,FALSE,null,A no further action disposal,null,bu-no-further-action,A no further action disposal,null,Asian/Asian British - Any other Asian background,Person search
68,25-34,2019-12-10T23:23:00+00:00,Male,TRUE,Misuse of Drugs Act 1971 (section 23),51.521655,0.026263,962309,On or near Applewood Drive,Controlled drugs,Asian,FALSE,null,A no further action disposal,null,bu-no-further-action,A no further action disposal,null,Asian/Asian British - Any other Asian background,Person and Vehicle search
69,25-34,2019-12-10T23:45:00+00:00,Male,TRUE,Misuse of Drugs Act 1971 (section 23),51.519285,0.029156,962288,On or near Holborn Road,Controlled drugs,Asian,FALSE,null,A no further action disposal,null,bu-no-further-action,A no further action disposal,null,Asian/Asian British - Any other Asian background,Person search
70,over 34,2019-12-11T00:15:00+00:00,Male,TRUE,Misuse of Drugs Act 1971 (section 23),51.518939,0.007952,962172,On or near Avondale Road,Controlled drugs,Asian,FALSE,null,A no further action disposal,null,bu-no-further-action,A no further action disposal,null,Asian/Asian British - Any other Asian background,Person search
71,25-34,2019-12-08T15:29:00+00:00,Male,TRUE,Misuse of Drugs Act 1971 (section 23),51.531809,0.02409,963603,On or near May Road,Controlled drugs,Asian,FALSE,null,A no further action disposal,null,bu-no-further-action,A no further action disposal,null,Asian/Asian British - Pakistani,Person search
72,25-34,2019-12-08T15:29:00+00:00,Male,TRUE,Misuse of Drugs Act 1971 (section 23),51.531809,0.02409,963603,On or near May Road,Controlled drugs,Asian,FALSE,null,A no further action disposal,null,bu-no-further-action,A no further action disposal,null,Asian/Asian British - Pakistani,Person search
73,null,2019-12-08T21:04:00+00:00,Male,TRUE,Misuse of Drugs Act 1971 (section 23),51.527382,0.021126,962109,On or near Howard'S Road,Controlled drugs,Asian,FALSE,null,A no further action disposal,null,bu-no-further-action,A no further action disposal,null,Asian/Asian British - Any other Asian background,Person search
74,25-34,2019-12-11T11:03:00+00:00,Male,TRUE,Police and Criminal Evidence Act 1984 (section 1),51.527382,0.021126,962109,On or near Howard'S Road,Stolen goods,null,FALSE,null,A no further action disposal,null,bu-no-further-action,A no further action disposal,null,Asian/Asian British - Pakistani,Person search
75,25-34,2019-12-11T02:01:00+00:00,Male,TRUE,Police and Criminal Evidence Act 1984 (section 1),51.516204,0.011723,955375,On or near Pedestrian Subway,Offensive weapons,Asian,FALSE,null,Penalty Notice for Disorder,null,bu-penalty-notice,Penalty Notice for Disorder,null,Asian/Asian British - Bangladeshi,Person and Vehicle search
76,18-24,2019-12-10T10:20:00+00:00,Male,TRUE,Misuse of Drugs Act 1971 (section 23),51.533732,0.0268,963445,On or near Carter Road,Controlled drugs,Other,FALSE,null,A no further action disposal,null,bu-no-further-action,A no further action disposal,null,Other ethnic group - Any other ethnic group,Person and Vehicle search
77,Oct-17,2019-12-10T10:16:00+00:00,Male,TRUE,Misuse of Drugs Act 1971 (section 23),51.533732,0.0268,963445,On or near Carter Road,Controlled drugs,Other,FALSE,null,Penalty Notice for Disorder,null,bu-penalty-notice,Penalty Notice for Disorder,null,Other ethnic group - Any other ethnic group,Person search
78,25-34,2019-12-11T16:15:00+00:00,Male,TRUE,Misuse of Drugs Act 1971 (section 23),51.51989,0.006005,962154,On or near Clarence Road,Controlled drugs,White,FALSE,null,A no further action disposal,null,bu-no-further-action,A no further action disposal,null,White - English/Welsh/Scottish/Northern Irish/British,Person search
79,18-24,2019-12-12T13:16:00+00:00,Male,TRUE,Misuse of Drugs Act 1971 (section 23),51.525042,0.019162,962054,On or near Grant Street,Controlled drugs,Black,FALSE,null,A no further action disposal,null,bu-no-further-action,A no further action disposal,null,Black/African/Caribbean/Black British - African,Person search
80,18-24,2019-12-10T10:15:00+00:00,Male,TRUE,Misuse of Drugs Act 1971 (section 23),51.533732,0.0268,963445,On or near Carter Road,Controlled drugs,Other,FALSE,null,A no further action disposal,null,bu-no-further-action,A no further action disposal,null,Other ethnic group - Any other ethnic group,Person search
81,Oct-17,2019-12-12T13:15:00+00:00,Male,TRUE,Misuse of Drugs Act 1971 (section 23),51.525042,0.019162,962054,On or near Grant Street,Controlled drugs,White,FALSE,null,Summons / charged by post,null,bu-summons,Summons / charged by post,null,White - English/Welsh/Scottish/Northern Irish/British,Person search
82,null,2019-12-12T13:15:00+00:00,Male,TRUE,Misuse of Drugs Act 1971 (section 23),51.525042,0.019162,962054,On or near Grant Street,Controlled drugs,Black,FALSE,null,A no further action disposal,null,bu-no-further-action,A no further action disposal,null,Other ethnic group - Not stated,Person search
83,25-34,2019-12-12T18:05:00+00:00,Male,TRUE,Misuse of Drugs Act 1971 (section 23),51.515728,0.009036,955399,On or near A13,Controlled drugs,Asian,FALSE,null,A no further action disposal,null,bu-no-further-action,A no further action disposal,null,Asian/Asian British - Pakistani,Person and Vehicle search
84,25-34,2019-12-13T15:30:00+00:00,Male,TRUE,Misuse of Drugs Act 1971 (section 23),51.533481,0.028793,963431,On or near Kings Court,Controlled drugs,Black,FALSE,null,Arrest,null,bu-arrest,Arrest,null,Black/African/Caribbean/Black British - Any other Black/African/Caribbean background,Person search
85,25-34,2019-12-13T19:02:00+00:00,Female,TRUE,Misuse of Drugs Act 1971 (section 23),51.536375,0.010132,963739,On or near Gift Lane,Controlled drugs,White,FALSE,null,A no further action disposal,null,bu-no-further-action,A no further action disposal,null,White - English/Welsh/Scottish/Northern Irish/British,Person search
86,over 34,2019-12-13T12:00:00+00:00,Female,TRUE,Misuse of Drugs Act 1971 (section 23),51.532205,0.022002,963679,On or near Pelly Road,Controlled drugs,White,FALSE,null,A no further action disposal,null,bu-no-further-action,A no further action disposal,null,White - English/Welsh/Scottish/Northern Irish/British,Person search
87,Oct-17,2019-12-13T17:28:00+00:00,Male,TRUE,Police and Criminal Evidence Act 1984 (section 1),51.534302,0.03438,963461,On or near Parking Area,null,Asian,FALSE,null,A no further action disposal,null,bu-no-further-action,A no further action disposal,null,Asian/Asian British - Bangladeshi,Person search
88,25-34,2019-12-14T15:45:00+00:00,Male,TRUE,Misuse of Drugs Act 1971 (section 23),51.535905,0.007603,963608,On or near Parking Area,Controlled drugs,White,FALSE,null,A no further action disposal,null,bu-no-further-action,A no further action disposal,null,Other ethnic group - Not stated,Person and Vehicle search
89,over 34,2019-12-14T12:20:00+00:00,Male,TRUE,Firearms Act 1968 (section 47),51.514728,0.008098,955319,On or near Bus/Coach Station,Firearms,White,FALSE,null,Arrest,null,bu-arrest,Arrest,null,White - English/Welsh/Scottish/Northern Irish/British,Person search
90,18-24,2019-12-12T13:15:00+00:00,Male,TRUE,Misuse of Drugs Act 1971 (section 23),51.525042,0.019162,962054,On or near Grant Street,Controlled drugs,Black,FALSE,null,A no further action disposal,null,bu-no-further-action,A no further action disposal,null,Other ethnic group - Not stated,Person search
91,25-34,2019-12-16T12:00:00+00:00,Male,TRUE,Misuse of Drugs Act 1971 (section 23),51.533481,0.028793,963431,On or near Kings Court,Controlled drugs,Black,FALSE,null,A no further action disposal,null,bu-no-further-action,A no further action disposal,null,Black/African/Caribbean/Black British - Any other Black/African/Caribbean background,Person search
92,18-24,2019-12-16T13:15:00+00:00,Male,TRUE,Misuse of Drugs Act 1971 (section 23),51.533481,0.028793,963431,On or near Kings Court,Controlled drugs,Asian,FALSE,null,A no further action disposal,null,bu-no-further-action,A no further action disposal,null,Asian/Asian British - Pakistani,Person search
93,null,2019-12-17T08:55:00+00:00,Male,TRUE,Misuse of Drugs Act 1971 (section 23),51.517666,0.012998,962194,On or near Supermarket,Controlled drugs,Asian,FALSE,null,A no further action disposal,null,bu-no-further-action,A no further action disposal,null,Asian/Asian British - Pakistani,Person search
94,null,2019-12-16T17:22:00+00:00,null,FALSE,Misuse of Drugs Act 1971 (section 23),51.530987,0.018056,963784,On or near Parking Area,Controlled drugs,null,FALSE,null,A no further action disposal,null,bu-no-further-action,A no further action disposal,null,null,Vehicle search
95,18-24,2019-12-16T17:30:00+00:00,Male,TRUE,Misuse of Drugs Act 1971 (section 23),51.525084,0.02088,962112,On or near Gordon Street,Controlled drugs,Asian,FALSE,null,A no further action disposal,null,bu-no-further-action,A no further action disposal,null,Asian/Asian British - Any other Asian background,Person search
96,over 34,2019-12-17T00:33:00+00:00,Male,TRUE,Misuse of Drugs Act 1971 (section 23),51.533481,0.028793,963431,On or near Kings Court,Controlled drugs,Black,FALSE,null,Arrest,null,bu-arrest,Arrest,null,Black/African/Caribbean/Black British - African,Person and Vehicle search
97,over 34,2019-12-17T01:00:00+00:00,Male,TRUE,Police and Criminal Evidence Act 1984 (section 1),51.526613,0.040064,962248,On or near Blenheim Road,Evidence of offences under the Act,Asian,FALSE,null,A no further action disposal,null,bu-no-further-action,A no further action disposal,null,Asian/Asian British - Indian,Person search
98,Oct-17,2019-12-17T16:55:00+00:00,Male,TRUE,Misuse of Drugs Act 1971 (section 23),51.529259,0.025433,963591,On or near The Broadway,Controlled drugs,Black,FALSE,null,Summons / charged by post,null,bu-summons,Summons / charged by post,null,Black/African/Caribbean/Black British - Caribbean,Person search
99,18-24,2019-12-17T18:37:00+00:00,Male,TRUE,Misuse of Drugs Act 1971 (section 23),51.531395,0.019443,963787,On or near Ashburton Terrace,Controlled drugs,null,FALSE,null,A no further action disposal,null,bu-no-further-action,A no further action disposal,null,Black/African/Caribbean/Black British - Any other Black/African/Caribbean background,Person search
100,over 34,2019-12-17T00:30:00+00:00,Male,TRUE,Misuse of Drugs Act 1971 (section 23),51.531494,0.02931,963605,On or near Sports/Recreation Area,Controlled drugs,Asian,FALSE,null,A no further action disposal,null,bu-no-further-action,A no further action disposal,null,Asian/Asian British - Bangladeshi,Person and Vehicle search
101,18-24,2019-12-17T23:50:00+00:00,Male,TRUE,Misuse of Drugs Act 1971 (section 23),51.516347,0.03936,962344,On or near Giralda Close,Controlled drugs,White,FALSE,null,Community resolution,null,bu-community-resolution,Community resolution,null,Other ethnic group - Not stated,Person search
102,over 34,2019-12-13T19:00:00+00:00,Male,TRUE,Misuse of Drugs Act 1971 (section 23),51.536375,0.010132,963739,On or near Gift Lane,Controlled drugs,Black,FALSE,null,A no further action disposal,null,bu-no-further-action,A no further action disposal,null,Black/African/Caribbean/Black British - African,Person search
103,Oct-17,2019-12-06T16:00:00+00:00,Male,TRUE,Misuse of Drugs Act 1971 (section 23),51.528646,0.037444,962220,On or near Moat Drive,Controlled drugs,Asian,FALSE,null,A no further action disposal,null,bu-no-further-action,A no further action disposal,null,Asian/Asian British - Any other Asian background,Person search
104,18-24,2019-12-19T02:20:00+00:00,Male,TRUE,Misuse of Drugs Act 1971 (section 23),51.526086,0.030035,962307,On or near Barking Road,Controlled drugs,Asian,FALSE,null,Community resolution,null,bu-community-resolution,Community resolution,null,Other ethnic group - Not stated,Person and Vehicle search
105,18-24,2019-12-13T21:15:00+00:00,Male,TRUE,Misuse of Drugs Act 1971 (section 23),51.528646,0.037444,962220,On or near Moat Drive,Controlled drugs,Asian,FALSE,null,A no further action disposal,null,bu-no-further-action,A no further action disposal,null,Asian/Asian British - Bangladeshi,Person search
106,18-24,2019-12-20T14:15:00+00:00,Male,TRUE,Police and Criminal Evidence Act 1984 (section 1),51.531395,0.019443,963787,On or near Ashburton Terrace,Offensive weapons,White,FALSE,null,A no further action disposal,null,bu-no-further-action,A no further action disposal,null,White - Any other White background,Person and Vehicle search
107,18-24,2019-12-20T14:10:00+00:00,Male,TRUE,Police and Criminal Evidence Act 1984 (section 1),51.531395,0.019443,963787,On or near Ashburton Terrace,Offensive weapons,Black,FALSE,null,A no further action disposal,null,bu-no-further-action,A no further action disposal,null,Black/African/Caribbean/Black British - Any other Black/African/Caribbean background,Person and Vehicle search
108,over 34,2019-12-20T09:30:00+00:00,Male,TRUE,Misuse of Drugs Act 1971 (section 23),51.528646,0.037444,962220,On or near Moat Drive,Controlled drugs,Asian,FALSE,null,A no further action disposal,null,bu-no-further-action,A no further action disposal,null,Asian/Asian British - Indian,Person search
109,over 34,2019-12-17T11:45:00+00:00,Male,TRUE,Police and Criminal Evidence Act 1984 (section 1),51.536545,0.021157,963672,On or near Vicar'S Close,Stolen goods,Black,FALSE,null,A no further action disposal,null,bu-no-further-action,A no further action disposal,null,Other ethnic group - Not stated,Person search
110,Oct-17,2019-12-21T21:22:00+00:00,Male,TRUE,Criminal Justice and Public Order Act 1994 (section 60),51.536893,0.020292,963708,On or near Portway,Anything to threaten or harm anyone,Asian,FALSE,null,A no further action disposal,null,bu-no-further-action,A no further action disposal,null,Black/African/Caribbean/Black British - Any other Black/African/Caribbean background,Person search
111,18-24,2019-12-21T21:20:00+00:00,Male,TRUE,Police and Criminal Evidence Act 1984 (section 1),51.536893,0.020292,963708,On or near Portway,Offensive weapons,Asian,FALSE,null,A no further action disposal,null,bu-no-further-action,A no further action disposal,null,Asian/Asian British - Any other Asian background,Person search
112,18-24,2019-12-21T22:01:00+00:00,Male,TRUE,Criminal Justice and Public Order Act 1994 (section 60),51.511622,0.03079,955230,On or near Shipman Road,Anything to threaten or harm anyone,Asian,FALSE,null,A no further action disposal,null,bu-no-further-action,A no further action disposal,null,Asian/Asian British - Pakistani,Person and Vehicle search
113,18-24,2019-12-21T22:13:00+00:00,Male,TRUE,Misuse of Drugs Act 1971 (section 23),51.511622,0.03079,955230,On or near Shipman Road,Controlled drugs,White,FALSE,null,A no further action disposal,null,bu-no-further-action,A no further action disposal,null,White - Any other White background,Person search
114,over 34,2019-12-21T16:40:00+00:00,Male,TRUE,Misuse of Drugs Act 1971 (section 23),51.533481,0.028793,963431,On or near Kings Court,Controlled drugs,Black,FALSE,null,A no further action disposal,null,bu-no-further-action,A no further action disposal,null,Black/African/Caribbean/Black British - African,Person search
115,18-24,2019-12-21T17:57:00+00:00,Male,TRUE,Criminal Justice and Public Order Act 1994 (section 60),51.529807,0.028053,963596,On or near Edinburgh Road,Anything to threaten or harm anyone,Asian,FALSE,null,A no further action disposal,null,bu-no-further-action,A no further action disposal,null,Asian/Asian British - Pakistani,Person search
116,25-34,2019-12-21T18:12:00+00:00,Male,TRUE,Police and Criminal Evidence Act 1984 (section 1),51.530172,0.037642,963572,On or near Central Park Road,Offensive weapons,White,FALSE,null,A no further action disposal,null,bu-no-further-action,A no further action disposal,null,White - Any other White background,Person search
117,25-34,2019-12-21T00:15:00+00:00,Male,TRUE,Misuse of Drugs Act 1971 (section 23),51.530172,0.037642,963572,On or near Central Park Road,Controlled drugs,Asian,FALSE,null,A no further action disposal,null,bu-no-further-action,A no further action disposal,null,Asian/Asian British - Any other Asian background,Person search
118,18-24,2019-12-21T23:16:00+00:00,Male,TRUE,Misuse of Drugs Act 1971 (section 23),51.526086,0.030035,962307,On or near Barking Road,Controlled drugs,Asian,FALSE,null,Community resolution,null,bu-community-resolution,Community resolution,null,Asian/Asian British - Bangladeshi,Person and Vehicle search
119,18-24,2019-12-22T01:08:00+00:00,Male,TRUE,Criminal Justice and Public Order Act 1994 (section 60),51.520549,0.003771,962157,On or near Bidder Street,Anything to threaten or harm anyone,Black,FALSE,null,A no further action disposal,null,bu-no-further-action,A no further action disposal,null,Black/African/Caribbean/Black British - Any other Black/African/Caribbean background,Person search
120,18-24,2019-12-21T17:45:00+00:00,Male,TRUE,Criminal Justice and Public Order Act 1994 (section 60),51.520549,0.003771,962157,On or near Bidder Street,Anything to threaten or harm anyone,Black,FALSE,null,A no further action disposal,null,bu-no-further-action,A no further action disposal,null,Black/African/Caribbean/Black British - Any other Black/African/Caribbean background,Person search
121,18-24,2019-12-21T17:50:00+00:00,Male,TRUE,Criminal Justice and Public Order Act 1994 (section 60),51.520549,0.003771,962157,On or near Bidder Street,Anything to threaten or harm anyone,Black,FALSE,null,A no further action disposal,null,bu-no-further-action,A no further action disposal,null,Black/African/Caribbean/Black British - Any other Black/African/Caribbean background,Person search
122,18-24,2019-12-21T17:50:00+00:00,Male,TRUE,Criminal Justice and Public Order Act 1994 (section 60),51.520549,0.003771,962157,On or near Bidder Street,Anything to threaten or harm anyone,Black,FALSE,null,A no further action disposal,null,bu-no-further-action,A no further action disposal,null,Other ethnic group - Not stated,Person search
123,18-24,2019-12-21T17:50:00+00:00,Male,TRUE,Misuse of Drugs Act 1971 (section 23),51.520549,0.003771,962157,On or near Bidder Street,Controlled drugs,Black,FALSE,null,A no further action disposal,null,bu-no-further-action,A no further action disposal,null,Black/African/Caribbean/Black British - African,Person search
124,18-24,2019-12-21T23:15:00+00:00,Male,TRUE,Criminal Justice and Public Order Act 1994 (section 60),51.534007,0.033733,963491,On or near Rochester Avenue,Anything to threaten or harm anyone,Asian,FALSE,null,A no further action disposal,null,bu-no-further-action,A no further action disposal,null,Other ethnic group - Not stated,Person and Vehicle search
125,over 34,2019-12-22T01:00:00+00:00,Male,TRUE,Criminal Justice and Public Order Act 1994 (section 60),51.524886,0.034422,962210,On or near Tunmarsh Lane,Anything to threaten or harm anyone,Asian,FALSE,null,A no further action disposal,null,bu-no-further-action,A no further action disposal,null,Other ethnic group - Not stated,Person and Vehicle search
126,25-34,2019-12-22T02:50:00+00:00,Male,TRUE,Criminal Justice and Public Order Act 1994 (section 60),51.51718,0.008797,962166,On or near Malmesbury Road,Anything to threaten or harm anyone,White,FALSE,null,A no further action disposal,null,bu-no-further-action,A no further action disposal,null,Other ethnic group - Not stated,Person and Vehicle search
127,18-24,2019-12-22T18:06:00+00:00,Male,TRUE,Police and Criminal Evidence Act 1984 (section 1),51.527361,0.023893,962308,On or near Balaam Street,Offensive weapons,Other,FALSE,null,A no further action disposal,null,bu-no-further-action,A no further action disposal,null,Black/African/Caribbean/Black British - African,Person search
128,18-24,2019-12-22T17:55:00+00:00,Male,TRUE,Police and Criminal Evidence Act 1984 (section 1),51.527361,0.023893,962308,On or near Balaam Street,Offensive weapons,Black,FALSE,null,A no further action disposal,null,bu-no-further-action,A no further action disposal,null,Black/African/Caribbean/Black British - African,Person search
129,25-34,2019-12-22T22:23:00+00:00,Male,TRUE,Misuse of Drugs Act 1971 (section 23),51.530671,0.010775,963773,On or near Corporation Street,Controlled drugs,White,FALSE,null,A no further action disposal,null,bu-no-further-action,A no further action disposal,null,White - Any other White background,Person search
130,25-34,2019-12-22T23:46:00+00:00,Male,TRUE,Police and Criminal Evidence Act 1984 (section 1),51.529259,0.025433,963591,On or near The Broadway,Stolen goods,White,FALSE,null,A no further action disposal,null,bu-no-further-action,A no further action disposal,null,White - Any other White background,Person search
131,25-34,2019-12-22T22:45:00+00:00,Male,TRUE,Misuse of Drugs Act 1971 (section 23),51.531507,0.002392,963796,On or near Abbey Road,Controlled drugs,Black,FALSE,null,Community resolution,null,bu-community-resolution,Community resolution,null,Black/African/Caribbean/Black British - African,Person search
132,over 34,2019-12-23T17:30:00+00:00,Male,TRUE,Misuse of Drugs Act 1971 (section 23),51.533353,0.033084,963476,On or near Waghorn Road,Controlled drugs,Asian,FALSE,null,A no further action disposal,null,bu-no-further-action,A no further action disposal,null,Asian/Asian British - Any other Asian background,Person search
133,18-24,2019-12-23T15:22:00+00:00,Male,TRUE,Misuse of Drugs Act 1971 (section 23),51.520111,0.01044,962034,On or near Tyas Road,Controlled drugs,Asian,FALSE,null,A no further action disposal,null,bu-no-further-action,A no further action disposal,null,Other ethnic group - Any other ethnic group,Person and Vehicle search
134,18-24,2019-12-23T15:45:00+00:00,Male,TRUE,Misuse of Drugs Act 1971 (section 23),51.524281,0.005866,962144,On or near Godbold Road,Controlled drugs,White,FALSE,null,A no further action disposal,null,bu-no-further-action,A no further action disposal,null,White - English/Welsh/Scottish/Northern Irish/British,Person and Vehicle search
135,18-24,2019-12-23T16:42:00+00:00,Male,TRUE,Misuse of Drugs Act 1971 (section 23),51.524281,0.005866,962144,On or near Godbold Road,Controlled drugs,White,FALSE,null,A no further action disposal,null,bu-no-further-action,A no further action disposal,null,White - English/Welsh/Scottish/Northern Irish/British,Person and Vehicle search
136,25-34,2019-12-25T14:34:00+00:00,Male,TRUE,Police and Criminal Evidence Act 1984 (section 1),51.515728,0.009036,955399,On or near A13,Offensive weapons,Black,FALSE,null,A no further action disposal,null,bu-no-further-action,A no further action disposal,null,Black/African/Caribbean/Black British - Any other Black/African/Caribbean background,Person search
137,18-24,2019-12-23T15:30:00+00:00,Male,TRUE,Misuse of Drugs Act 1971 (section 23),51.524281,0.005866,962144,On or near Godbold Road,Controlled drugs,White,FALSE,null,Arrest,null,bu-arrest,Arrest,null,White - English/Welsh/Scottish/Northern Irish/British,Person and Vehicle search
138,25-34,2019-12-25T23:35:00+00:00,Male,TRUE,Misuse of Drugs Act 1971 (section 23),51.530076,0.033817,963569,On or near Credon Road,Controlled drugs,Asian,FALSE,null,Community resolution,null,bu-community-resolution,Community resolution,null,Asian/Asian British - Any other Asian background,Person and Vehicle search
139,over 34,2019-12-26T17:45:00+00:00,Male,TRUE,Misuse of Drugs Act 1971 (section 23),51.529259,0.025433,963591,On or near The Broadway,Controlled drugs,Black,FALSE,null,A no further action disposal,null,bu-no-further-action,A no further action disposal,null,Black/African/Caribbean/Black British - African,Person search
140,over 34,2019-12-20T21:06:00+00:00,Female,TRUE,Misuse of Drugs Act 1971 (section 23),51.533353,0.033084,963476,On or near Waghorn Road,Controlled drugs,Black,FALSE,null,A no further action disposal,null,bu-no-further-action,A no further action disposal,null,Other ethnic group - Not stated,Person search
141,18-24,2019-12-21T23:12:00+00:00,Male,TRUE,Criminal Justice and Public Order Act 1994 (section 60),51.534007,0.033733,963491,On or near Rochester Avenue,Anything to threaten or harm anyone,Black,FALSE,null,A no further action disposal,null,bu-no-further-action,A no further action disposal,null,Black/African/Caribbean/Black British - Any other Black/African/Caribbean background,Person and Vehicle search
142,18-24,2019-12-22T00:59:00+00:00,Male,TRUE,Criminal Justice and Public Order Act 1994 (section 60),51.524886,0.034422,962210,On or near Tunmarsh Lane,Anything to threaten or harm anyone,Asian,FALSE,null,A no further action disposal,null,bu-no-further-action,A no further action disposal,null,Asian/Asian British - Pakistani,Person and Vehicle search
143,Oct-17,2019-12-27T02:15:00+00:00,Male,TRUE,Police and Criminal Evidence Act 1984 (section 1),51.530172,0.037642,963572,On or near Central Park Road,Offensive weapons,Asian,FALSE,null,A no further action disposal,null,bu-no-further-action,A no further action disposal,null,Asian/Asian British - Any other Asian background,Person and Vehicle search
144,18-24,2019-12-27T01:50:00+00:00,Male,TRUE,Misuse of Drugs Act 1971 (section 23),51.522374,0.026266,962268,On or near Wanlip Road,Controlled drugs,Black,FALSE,null,Penalty Notice for Disorder,null,bu-penalty-notice,Penalty Notice for Disorder,null,Mixed/Multiple ethnic groups - White and Black African,Person and Vehicle search
145,18-24,2019-12-27T01:50:00+00:00,Male,TRUE,Misuse of Drugs Act 1971 (section 23),51.522374,0.026266,962268,On or near Wanlip Road,Controlled drugs,White,FALSE,null,Penalty Notice for Disorder,null,bu-penalty-notice,Penalty Notice for Disorder,null,White - Any other White background,Person and Vehicle search
146,18-24,2019-12-27T01:45:00+00:00,Male,TRUE,Misuse of Drugs Act 1971 (section 23),51.522374,0.026266,962268,On or near Wanlip Road,Controlled drugs,Black,FALSE,null,A no further action disposal,null,bu-no-further-action,A no further action disposal,null,Black/African/Caribbean/Black British - Any other Black/African/Caribbean background,Person and Vehicle search
147,18-24,2019-12-26T14:45:00+00:00,Male,TRUE,Police and Criminal Evidence Act 1984 (section 1),51.524281,0.005866,962144,On or near Godbold Road,Offensive weapons,Asian,FALSE,null,A no further action disposal,null,bu-no-further-action,A no further action disposal,null,Asian/Asian British - Any other Asian background,Person search
148,Oct-17,2019-12-26T03:46:00+00:00,Male,TRUE,Police and Criminal Evidence Act 1984 (section 1),51.524247,0.039612,962245,On or near Boundary Road,Evidence of offences under the Act,Black,FALSE,null,Arrest,null,bu-arrest,Arrest,null,Other ethnic group - Not stated,Person search
149,18-24,2019-12-26T22:48:00+00:00,Male,TRUE,Police and Criminal Evidence Act 1984 (section 1),51.530172,0.037642,963572,On or near Central Park Road,Offensive weapons,White,FALSE,null,A no further action disposal,null,bu-no-further-action,A no further action disposal,null,White - Any other White background,Person search
150,18-24,2019-12-27T16:56:00+00:00,Male,TRUE,Misuse of Drugs Act 1971 (section 23),51.519078,0.019792,962111,On or near Hayday Road,Controlled drugs,White,FALSE,null,A no further action disposal,null,bu-no-further-action,A no further action disposal,null,White - English/Welsh/Scottish/Northern Irish/British,Person and Vehicle search
151,over 34,2019-12-27T16:53:00+00:00,Male,TRUE,Misuse of Drugs Act 1971 (section 23),51.519078,0.019792,962111,On or near Hayday Road,Controlled drugs,Black,FALSE,null,A no further action disposal,null,bu-no-further-action,A no further action disposal,null,Black/African/Caribbean/Black British - Any other Black/African/Caribbean background,Person search
152,null,2019-12-27T16:53:00+00:00,null,FALSE,Misuse of Drugs Act 1971 (section 23),51.519078,0.019792,962111,On or near Hayday Road,Controlled drugs,null,FALSE,null,A no further action disposal,null,bu-no-further-action,A no further action disposal,null,null,Vehicle search
153,18-24,2019-12-27T19:25:00+00:00,Male,TRUE,Misuse of Drugs Act 1971 (section 23),51.530091,0.023105,963774,On or near Parking Area,Controlled drugs,Asian,FALSE,null,Penalty Notice for Disorder,null,bu-penalty-notice,Penalty Notice for Disorder,null,Asian/Asian British - Pakistani,Person and Vehicle search
154,18-24,2019-12-27T19:25:00+00:00,Male,TRUE,Misuse of Drugs Act 1971 (section 23),51.530091,0.023105,963774,On or near Parking Area,Controlled drugs,Asian,FALSE,null,Penalty Notice for Disorder,null,bu-penalty-notice,Penalty Notice for Disorder,null,Other ethnic group - Not stated,Person search
155,18-24,2019-12-27T23:00:00+00:00,Male,TRUE,Misuse of Drugs Act 1971 (section 23),51.532838,0.022319,963675,On or near Terrace Road,Controlled drugs,Asian,FALSE,null,A no further action disposal,null,bu-no-further-action,A no further action disposal,null,Asian/Asian British - Any other Asian background,Person and Vehicle search
156,18-24,2019-12-27T23:10:00+00:00,Male,TRUE,Misuse of Drugs Act 1971 (section 23),51.533732,0.0268,963445,On or near Carter Road,Controlled drugs,Asian,FALSE,null,A no further action disposal,null,bu-no-further-action,A no further action disposal,null,Asian/Asian British - Any other Asian background,Person search
157,null,2019-12-29T01:17:00+00:00,Male,TRUE,Police and Criminal Evidence Act 1984 (section 1),51.534187,0.012891,963725,On or near Ladywell Street,Evidence of offences under the Act,White,FALSE,null,A no further action disposal,null,bu-no-further-action,A no further action disposal,null,White - Any other White background,Person search
158,over 34,2019-12-29T01:17:00+00:00,Male,TRUE,Police and Criminal Evidence Act 1984 (section 1),51.534187,0.012891,963725,On or near Ladywell Street,Evidence of offences under the Act,White,FALSE,null,A no further action disposal,null,bu-no-further-action,A no further action disposal,null,White - Any other White background,Person search
159,18-24,2019-12-29T16:00:00+00:00,Male,TRUE,Police and Criminal Evidence Act 1984 (section 1),51.536545,0.021157,963672,On or near Vicar'S Close,Stolen goods,White,FALSE,null,A no further action disposal,null,bu-no-further-action,A no further action disposal,null,Asian/Asian British - Any other Asian background,Person search
160,null,2019-12-30T11:40:00+00:00,null,FALSE,Misuse of Drugs Act 1971 (section 23),51.530172,0.037642,963572,On or near Central Park Road,Controlled drugs,null,FALSE,null,A no further action disposal,null,bu-no-further-action,A no further action disposal,null,null,Vehicle search
161,over 34,2019-12-27T13:05:00+00:00,Male,TRUE,Misuse of Drugs Act 1971 (section 23),51.521767,0.021309,962122,On or near Barking Road,Controlled drugs,Black,FALSE,null,A no further action disposal,null,bu-no-further-action,A no further action disposal,null,Other ethnic group - Not stated,Person search
162,25-34,2019-12-30T00:24:00+00:00,Male,TRUE,Police and Criminal Evidence Act 1984 (section 1),51.531395,0.019443,963787,On or near Ashburton Terrace,Offensive weapons,White,FALSE,null,Arrest,null,bu-arrest,Arrest,null,White - English/Welsh/Scottish/Northern Irish/British,Person search
163,25-34,2019-12-30T00:45:00+00:00,Male,TRUE,Misuse of Drugs Act 1971 (section 23),51.536545,0.021157,963672,On or near Vicar'S Close,Controlled drugs,White,FALSE,null,Arrest,null,bu-arrest,Arrest,null,White - Any other White background,Person search
164,18-24,2019-12-28T16:25:00+00:00,Male,TRUE,Misuse of Drugs Act 1971 (section 23),51.524281,0.005866,962144,On or near Godbold Road,Controlled drugs,Black,FALSE,null,Penalty Notice for Disorder,null,bu-penalty-notice,Penalty Notice for Disorder,null,Black/African/Caribbean/Black British - Any other Black/African/Caribbean background,Person search
165,over 34,2019-12-29T17:10:00+00:00,Male,TRUE,Misuse of Drugs Act 1971 (section 23),51.532205,0.022002,963679,On or near Pelly Road,Controlled drugs,Black,FALSE,null,A no further action disposal,null,bu-no-further-action,A no further action disposal,null,Black/African/Caribbean/Black British - Any other Black/African/Caribbean background,Person search
166,18-24,2019-12-30T18:29:00+00:00,Male,TRUE,Police and Criminal Evidence Act 1984 (section 1),51.536438,0.01276,923841,On or near Richford Road,Stolen goods,White,FALSE,null,Community resolution,null,bu-community-resolution,Community resolution,null,Other ethnic group - Not stated,Person and Vehicle search
167,25-34,2019-12-19T13:00:00+00:00,Male,TRUE,Police and Criminal Evidence Act 1984 (section 1),51.524514,0.009567,962084,On or near Alden Avenue,Stolen goods,White,FALSE,null,Summons / charged by post,null,bu-summons,Summons / charged by post,null,White - English/Welsh/Scottish/Northern Irish/British,Person search
168,18-24,2019-12-13T15:30:00+00:00,Male,TRUE,Misuse of Drugs Act 1971 (section 23),51.531395,0.019443,963787,On or near Ashburton Terrace,Controlled drugs,Asian,FALSE,null,A no further action disposal,null,bu-no-further-action,A no further action disposal,null,Asian/Asian British - Bangladeshi,Person and Vehicle search
169,over 34,2019-12-31T10:20:00+00:00,Male,TRUE,Misuse of Drugs Act 1971 (section 23),51.530172,0.037642,963572,On or near Central Park Road,Controlled drugs,White,FALSE,null,Summons / charged by post,null,bu-summons,Summons / charged by post,null,White - Any other White background,Person search
170,over 34,2019-12-28T22:31:00+00:00,Male,TRUE,Police and Criminal Evidence Act 1984 (section 1),51.536545,0.021157,963672,On or near Vicar'S Close,Offensive weapons,Black,FALSE,null,Community resolution,null,bu-community-resolution,Community resolution,null,Black/African/Caribbean/Black British - Any other Black/African/Caribbean background,Person search
171,18-24,2019-12-31T23:23:00+00:00,Male,TRUE,Misuse of Drugs Act 1971 (section 23),51.530172,0.037642,963572,On or near Central Park Road,Controlled drugs,Asian,FALSE,null,A no further action disposal,null,bu-no-further-action,A no further action disposal,null,Asian/Asian British - Bangladeshi,Person and Vehicle search
172,18-24,2019-12-31T23:23:00+00:00,Female,TRUE,Misuse of Drugs Act 1971 (section 23),51.530172,0.037642,963572,On or near Central Park Road,Controlled drugs,Asian,FALSE,null,A no further action disposal,null,bu-no-further-action,A no further action disposal,null,Other ethnic group - Not stated,Person and Vehicle search
173,18-24,2019-12-31T16:24:00+00:00,Male,TRUE,Misuse of Drugs Act 1971 (section 23),51.531507,0.002392,963796,On or near Abbey Road,Controlled drugs,Black,FALSE,null,A no further action disposal,null,bu-no-further-action,A no further action disposal,null,Black/African/Caribbean/Black British - Any other Black/African/Caribbean background,Person search
174,25-34,2019-12-22T18:12:00+00:00,Male,TRUE,Police and Criminal Evidence Act 1984 (section 1),51.530172,0.037642,963572,On or near Central Park Road,Offensive weapons,White,FALSE,null,A no further action disposal,null,bu-no-further-action,A no further action disposal,null,White - Any other White background,Person and Vehicle search
175,18-24,2019-12-22T22:00:00+00:00,Female,TRUE,Misuse of Drugs Act 1971 (section 23),51.511622,0.03079,955230,On or near Shipman Road,Controlled drugs,Asian,FALSE,null,A no further action disposal,null,bu-no-further-action,A no further action disposal,null,Asian/Asian British - Indian,Person search
